motif_id	motif_alt_id	sequence_name	start	stop	strand	score	p-value	q-value	matched_sequence
HPGFAATVVR	MEME-4	KSHV_mcp_orf25_q2hra7	1033	1042	+	39.5	6.84e-14	4.56e-09	HPGFAMTVVR
HGQQAICEII	MEME-2	EBV_bclf1_mcp_p03226_p0c703_p0c704	1176	1185	+	39.8471	7.84e-14	4.59e-09	HGQQATCEII
HGQQAICEII	MEME-2	HHV_6A_mcp_p17887_u57	1143	1152	+	39.7294	1.22e-13	4.59e-09	HGQQAICEVI
DMGTKVQDLF	MEME-5	KSHV_mcp_orf25_q2hra7	1110	1119	+	35.9125	1.3e-13	9.82e-09	DMGVHCQDLF
FEALLGVYCN	MEME-3	HHV_7_mcp_p52347	50	59	+	38.3457	1.65e-13	6.2e-09	FEALLGIYCN
FEALLGVYCN	MEME-3	HHV_6A_mcp_p17887_u57	50	59	+	38.3457	1.65e-13	6.2e-09	FEALLGIYCN
HPGFAATVVR	MEME-4	EBV_bclf1_mcp_p03226_p0c703_p0c704	1039	1048	+	37.5125	8.25e-13	2.66e-08	HPGVAMTVVR
HGQQAICEII	MEME-2	HHV_7_mcp_p52347	1143	1152	+	37.2118	1.36e-12	3e-08	HGQQAICEVV
HGQQAICEII	MEME-2	KSHV_mcp_orf25_q2hra7	1171	1180	+	37.0941	1.59e-12	3e-08	HGQLATCEII
HPGFAATVVR	MEME-4	HHV_6A_mcp_p17887_u57	1006	1015	+	36.9125	1.6e-12	2.66e-08	HPGFAATLVR
HPGFAATVVR	MEME-4	HHV_7_mcp_p52347	1006	1015	+	36.9125	1.6e-12	2.66e-08	HPGFAATLVR
NPWASQRGS	MEME-1	KSHV_mcp_orf25_q2hra7	1236	1244	+	36.1067	1.82e-12	1.25e-07	NPWASQRGS
HGQQAICEII	MEME-2	HSV_2_mcp_p89442_ul19	1179	1188	+	36.2941	2.72e-12	4.09e-08	HGQDAVCEFI
FEALLGVYCN	MEME-3	HSV_2_mcp_p89442_ul19	54	63	+	35.9012	2.85e-12	7.14e-08	FDALLGSYCN
HPGFAATVVR	MEME-4	HSV_2_mcp_p89442_ul19	1045	1054	+	35.9625	3.24e-12	3.78e-08	HPGFGFTVVR
HPGFAATVVR	MEME-4	VZV_mcp_p09245	1064	1073	+	35.8875	3.4e-12	3.78e-08	HPGIAFTVVR
FEALLGVYCN	MEME-3	VZV_mcp_p09245	66	75	+	35.2716	4.65e-12	8.75e-08	FDILLGTYCN
HPGFAATVVR	MEME-4	HCMV_f5hgt1_mcp_p16729_ul86	1029	1038	+	35.3375	4.68e-12	4.46e-08	HPGFALTAVR
HGQQAICEII	MEME-2	HCMV_f5hgt1_mcp_p16729_ul86	1166	1175	+	34.7529	5.6e-12	7.02e-08	HGQKAACELI
DMGTKVQDLF	MEME-5	HCMV_f5hgt1_mcp_p16729_ul86	1105	1114	+	33.875	5.72e-12	1.97e-07	DMGVRVQDLF
FEALLGVYCN	MEME-3	KSHV_mcp_orf25_q2hra7	50	59	+	35.1235	6.18e-12	9.29e-08	FEALLGVYTN
NPWASQRGS	MEME-1	HHV_7_mcp_p52347	1207	1215	+	34.8533	9.02e-12	2.29e-07	NPWASQEGS
DMGTKVQDLF	MEME-5	HHV_7_mcp_p52347	1082	1091	+	33.5	9.72e-12	1.97e-07	DMGSKVQDLF
DMGTKVQDLF	MEME-5	HHV_6A_mcp_p17887_u57	1082	1091	+	33.4375	1.05e-11	1.97e-07	DMGSKIQNLF
NPWASQRGS	MEME-1	HSV_2_mcp_p89442_ul19	1243	1251	+	34.5733	1.31e-11	2.29e-07	NPWASQRFS
HPGFAATVVR	MEME-4	HSV_2_p89459_ul36	505	514	+	33.0375	1.4e-11	1.16e-07	HPNVAATAVR
NPWASQRGS	MEME-1	EBV_bclf1_mcp_p03226_p0c703_p0c704	1241	1249	+	34.2933	1.79e-11	2.29e-07	NPWASQLGS
NPWASQRGS	MEME-1	VZV_mcp_p09245	1262	1270	+	34.2533	1.86e-11	2.29e-07	NPWASQKHS
FEALLGVYCN	MEME-3	EBV_bclf1_mcp_p03226_p0c703_p0c704	52	61	+	32.9877	1.94e-11	2.43e-07	FEVLLGVYTN
NPWASQRGS	MEME-1	HCMV_f5hgt1_mcp_p16729_ul86	1230	1238	+	34.0667	1.99e-11	2.29e-07	NPWASQAGC
DMGTKVQDLF	MEME-5	EBV_bclf1_mcp_p03226_p0c703_p0c704	1116	1125	+	32.7875	2.25e-11	3.39e-07	DMGIHTQDFF
FEALLGVYCN	MEME-3	HCMV_f5hgt1_mcp_p16729_ul86	50	59	+	32.1111	2.78e-11	2.98e-07	FEAIFGTFCN
NPWASQRGS	MEME-1	HHV_6A_mcp_p17887_u57	1207	1215	+	31.4	4.27e-11	4.21e-07	NPWASLPGS
DMGTKVQDLF	MEME-5	VZV_mcp_p09245	1140	1149	+	31.1625	8.92e-11	1.12e-06	DMGNTAQNLF
DMGTKVQDLF	MEME-5	HHV_6A_p0doe0_q69572_u100	136	145	+	28.9875	2.97e-10	3.2e-06	QMETRISDLF
DMGTKVQDLF	MEME-5	HHV_6B_p0doe1_q9qj11_u100	127	136	+	28.35	3.85e-10	3.62e-06	QMETFISDLF
DMGTKVQDLF	MEME-5	HSV_2_mcp_p89442_ul19	1121	1130	+	27.7375	4.7e-10	3.94e-06	DMGNLPQNFY
HPGFAATVVR	MEME-4	HSV_1_p10220_ul36	536	545	+	22.45	2.04e-09	1.51e-05	HPNVAATAVK
HGQQAICEII	MEME-2	VZV_mcp_p09245	1198	1207	+	5.10588	1.65e-06	0.0177	RGQASVCEFV
NPWASQRGS	MEME-1	HSV_1_p09855_p10205_ul21	38	46	+	2.54667	6.77e-06	0.0583	RPCASQPGE
NPWASQRGS	MEME-1	HSV_1_p06436_p06437_p08665_p10211_ul27	821	829	+	2.30667	7.76e-06	0.0594	NPDASGEGE
NPWASQRGS	MEME-1	HSV_2_p89459_ul36	2087	2095	+	2.01333	9.06e-06	0.0625	GPRGSQRHC
HPGFAATVVR	MEME-4	HSV_1_p10240_p36297_ul56	143	152	+	-2.325	9.39e-06	0.0626	HPPTYATVVA
HPGFAATVVR	MEME-4	HSV_2_p89438_ul15	238	247	+	-3.1125	1.25e-05	0.0744	IPLFSDTAVR
HPGFAATVVR	MEME-4	HSV_1_p08313_p10231_ul47	546	555	+	-3.275	1.34e-05	0.0744	LLGFADTVVA
DMGTKVQDLF	MEME-5	HHV_7_mcp_p52347	800	809	+	0.5125	1.59e-05	0.119	DVKSFILDFF
NPWASQRGS	MEME-1	EBV_bnrf1_p03179_q1hvj0_q3ksv4	606	614	+	0.573333	1.6e-05	0.0939	LPWLSLESC
NPWASQRGS	MEME-1	EBV_bglf2_p0ck53_p0ck54_p0ck55	306	314	+	0.453333	1.64e-05	0.0939	QPWTLLRFS
FEALLGVYCN	MEME-3	HSV_1_p10221_ul37	604	613	+	-2.91358	1.83e-05	0.163	FPALEGIHPN
FEALLGVYCN	MEME-3	HHV_6A_mcp_p17887_u57	369	378	+	-3.07407	1.95e-05	0.163	FDHLHKVYKN
HGQQAICEII	MEME-2	EBV_balf4_p03188_p0c762_p0c763	364	373	+	-3.10588	2e-05	0.188	KGQEAITYFI
FEALLGVYCN	MEME-3	EBV_bbrf1_p03213_q1hvf2_q3ksr9	31	40	+	-3.41975	2.21e-05	0.166	FEILQGKYAY
HGQQAICEII	MEME-2	HSV_1_p10209_ul25	308	317	+	-3.61176	2.51e-05	0.209	HGALASHIVI
HPGFAATVVR	MEME-4	EBV_bvrf2_p03234_q1hvc7_q3ksp9	428	437	+	-5.3375	3.2e-05	0.164	FPGEDATLYR
NPWASQRGS	MEME-1	EBV_bplf1_p03186_q1hvh9_q3ksu8	2720	2728	+	-3.24	3.45e-05	0.183	SPWASEQGP
HPGFAATVVR	MEME-4	HSV_1_p10220_ul36	1561	1570	+	-5.5375	3.53e-05	0.168	DPAAAAELVR
HPGFAATVVR	MEME-4	HSV_1_p04290_ul13	94	103	+	-5.8375	4.03e-05	0.179	TPGTAAKLNR
FEALLGVYCN	MEME-3	HHV_6B_p52543_u48	263	272	+	-5.17284	4.82e-05	0.329	VEALLLKFNN
HGQQAICEII	MEME-2	KSHV_orf20_q2hrb2	81	90	+	-5.47059	5.14e-05	0.387	GGHQPVCYVV
HPGFAATVVR	MEME-4	EBV_bplf1_p03186_q1hvh9_q3ksu8	2138	2147	+	-6.625	5.4e-05	0.216	NPIVAMTLLA
HPGFAATVVR	MEME-4	HHV_6B_p36320_u39	257	266	+	-6.675	5.52e-05	0.216	GMNGATTLVR
NPWASQRGS	MEME-1	HSV_2_p89459_ul36	140	148	+	-5.33333	5.75e-05	0.264	GPWAMRPLS
NPWASQRGS	MEME-1	HSV_1_p10220_ul36	165	173	+	-5.33333	5.75e-05	0.264	GPWALRPLS
DMGTKVQDLF	MEME-5	EBV_bxlf2_p03231_q1hvd2_q3ksq3	557	566	+	-3.55	5.97e-05	0.408	DREVRGSALY
HPGFAATVVR	MEME-4	HSV_1_p06436_p06437_p08665_p10211_ul27	116	125	+	-6.95	5.98e-05	0.22	PPPTGATVVQ
HPGFAATVVR	MEME-4	HSV_1_p06487_us7	100	109	+	-7.25	6.54e-05	0.22	RPAVAFALCR
HPGFAATVVR	MEME-4	HSV_1_p08313_p10231_ul47	369	378	+	-7.45	7e-05	0.22	WPGVRALLDR
HPGFAATVVR	MEME-4	HCMV_p16848_q6swa0_ul31	36	45	+	-7.5125	7.1e-05	0.22	PPSVAAAAVA
FEALLGVYCN	MEME-3	EBV_bnrf1_p03179_q1hvj0_q3ksv4	1051	1060	+	-6.19753	7.33e-05	0.46	HESLLAAFTN
HPGFAATVVR	MEME-4	KSHV_mcp_orf25_q2hra7	950	959	+	-7.7125	7.53e-05	0.22	DPLVAATLHP
HPGFAATVVR	MEME-4	HSV_2_p28282_ul56	123	132	+	-7.7375	7.59e-05	0.22	HPGVGGDLPS
DMGTKVQDLF	MEME-5	EBV_bbrf3_p03215_q1hve9_q3ksr7	238	247	+	-5.7625	8.78e-05	0.518	DMVLGAVNLF
DMGTKVQDLF	MEME-5	HCMV_p06725_p18139_q6sw59_ul83	488	497	+	-5.8625	8.94e-05	0.518	QAGILARNLV
HPGFAATVVR	MEME-4	VZV_orf50_p09298_q77np2	178	187	+	-8.3625	8.99e-05	0.24	QIGVAATLYL
HPGFAATVVR	MEME-4	KSHV_orf19_q2hrb3	382	391	+	-8.3625	8.99e-05	0.24	HPNRRLNLVS
HPGFAATVVR	MEME-4	EBV_bplf1_p03186_q1hvh9_q3ksu8	2886	2895	+	-8.75	9.71e-05	0.249	HTPVGALAPR
DMGTKVQDLF	MEME-5	EBV_blrf2_p03197_p0c717_q3kst5	103	112	+	-6.3875	9.94e-05	0.535	EMENILQNLT

# FIMO (Find Individual Motif Occurrences): Version 5.1.1 compiled on Mar 31 2020 at 14:57:54
# The format of this file is described at http://meme-suite.org/doc/fimo-output-format.html.
# fimo -oc Util/motif_research_short_motifs/find_motifs/late_late Util/motif_research_short_motifs/motifs/late/meme.txt Util/multi_sequence_fasta/late.fasta
